problem,objectives,decision_dimension,algorithm,algorithm_label,run,seed,initialization_seed,evaluations,population,nondominated_size,integral_r2,hypervolume,delta_p,ideal,hv_reference,finite_r2_weights
DTLZ1,3,5,ir2,IR2-EMOA,0,3906276,3906293,10000,50,50,0.03372937473057823,0.13160835966941833,0.029979604557189798,"[0.0, 0.0, 0.0]","[0.55, 0.55, 0.55]",
DTLZ1,3,5,r2,finite R2-EMOA,0,3906276,3906293,10000,50,50,0.033848300487981535,0.1293666175213954,0.035440183205901456,"[0.0, 0.0, 0.0]","[0.55, 0.55, 0.55]",120
DTLZ1,3,5,sms,SMS-EMOA,0,3906276,3906293,10000,50,50,0.03396117542291681,0.13761459984458418,0.031222128143880333,"[0.0, 0.0, 0.0]","[0.55, 0.55, 0.55]",
DTLZ1,3,5,ir2,IR2-EMOA,1,3907285,3907302,10000,50,50,0.03329790803857039,0.13357521496998648,0.029693227993416917,"[0.0, 0.0, 0.0]","[0.55, 0.55, 0.55]",
DTLZ1,3,5,r2,finite R2-EMOA,1,3907285,3907302,10000,50,50,0.03548192643403385,0.12843816713576933,0.13736222526119848,"[0.0, 0.0, 0.0]","[0.55, 0.55, 0.55]",120
DTLZ1,3,5,sms,SMS-EMOA,1,3907285,3907302,10000,50,50,0.03381886895800849,0.1370967825962764,0.03247916071311937,"[0.0, 0.0, 0.0]","[0.55, 0.55, 0.55]",
DTLZ1,3,5,ir2,IR2-EMOA,2,3908294,3908311,10000,50,50,0.03338437155846047,0.13265941262923628,0.029787828047066544,"[0.0, 0.0, 0.0]","[0.55, 0.55, 0.55]",
DTLZ1,3,5,r2,finite R2-EMOA,2,3908294,3908311,10000,50,50,0.03447717836990573,0.12853917738378495,0.12317657713779233,"[0.0, 0.0, 0.0]","[0.55, 0.55, 0.55]",120
DTLZ1,3,5,sms,SMS-EMOA,2,3908294,3908311,10000,50,50,0.03384829628777222,0.13720174916831585,0.03134386777409673,"[0.0, 0.0, 0.0]","[0.55, 0.55, 0.55]",
DTLZ1,3,5,ir2,IR2-EMOA,3,3909303,3909320,10000,50,50,0.03373300105507412,0.13250258514801563,0.030470793204244038,"[0.0, 0.0, 0.0]","[0.55, 0.55, 0.55]",
DTLZ1,3,5,r2,finite R2-EMOA,3,3909303,3909320,10000,50,50,0.03587971424691232,0.1267280566307521,0.20736438434377644,"[0.0, 0.0, 0.0]","[0.55, 0.55, 0.55]",120
DTLZ1,3,5,sms,SMS-EMOA,3,3909303,3909320,10000,50,50,0.03387923500658321,0.1376492563153072,0.030911662869242715,"[0.0, 0.0, 0.0]","[0.55, 0.55, 0.55]",
DTLZ1,3,5,ir2,IR2-EMOA,4,3910312,3910329,10000,50,50,0.03333734655706572,0.1331804988736137,0.02983666684610336,"[0.0, 0.0, 0.0]","[0.55, 0.55, 0.55]",
DTLZ1,3,5,r2,finite R2-EMOA,4,3910312,3910329,10000,50,50,0.03421104654774799,0.12859814793705185,0.08378194151441047,"[0.0, 0.0, 0.0]","[0.55, 0.55, 0.55]",120
DTLZ1,3,5,sms,SMS-EMOA,4,3910312,3910329,10000,50,50,0.03435095967248749,0.1372605840639722,0.030721501284070866,"[0.0, 0.0, 0.0]","[0.55, 0.55, 0.55]",
DTLZ1,3,5,ir2,IR2-EMOA,5,3911321,3911338,10000,50,50,0.03318891640612811,0.13370023980059198,0.029546770380179714,"[0.0, 0.0, 0.0]","[0.55, 0.55, 0.55]",
DTLZ1,3,5,r2,finite R2-EMOA,5,3911321,3911338,10000,50,50,0.03424139470739934,0.12803736951884415,0.034490678751552664,"[0.0, 0.0, 0.0]","[0.55, 0.55, 0.55]",120
DTLZ1,3,5,sms,SMS-EMOA,5,3911321,3911338,10000,50,50,0.03386360462928767,0.13732684510730359,0.03147505171812122,"[0.0, 0.0, 0.0]","[0.55, 0.55, 0.55]",
DTLZ1,3,5,ir2,IR2-EMOA,6,3912330,3912347,10000,50,50,0.033299962410711786,0.13347677414695863,0.029842550889916743,"[0.0, 0.0, 0.0]","[0.55, 0.55, 0.55]",
DTLZ1,3,5,r2,finite R2-EMOA,6,3912330,3912347,10000,50,50,0.034062174961271535,0.1290588809986493,0.054202874028499916,"[0.0, 0.0, 0.0]","[0.55, 0.55, 0.55]",120
DTLZ1,3,5,sms,SMS-EMOA,6,3912330,3912347,10000,50,50,0.03378373698723114,0.1370889915511652,0.03192893382057403,"[0.0, 0.0, 0.0]","[0.55, 0.55, 0.55]",
DTLZ1,3,5,ir2,IR2-EMOA,7,3913339,3913356,10000,50,50,0.033345151493141975,0.133307019088594,0.029307247671812454,"[0.0, 0.0, 0.0]","[0.55, 0.55, 0.55]",
DTLZ1,3,5,r2,finite R2-EMOA,7,3913339,3913356,10000,50,50,0.034888153415653406,0.12770308393857469,0.05192575253821666,"[0.0, 0.0, 0.0]","[0.55, 0.55, 0.55]",120
DTLZ1,3,5,sms,SMS-EMOA,7,3913339,3913356,10000,50,50,0.03365519249555785,0.1375361418273875,4.020149287704373,"[0.0, 0.0, 0.0]","[0.55, 0.55, 0.55]",
DTLZ1,3,5,ir2,IR2-EMOA,8,3914348,3914365,10000,50,50,0.03341063312143637,0.13292629458255897,0.029629985966527016,"[0.0, 0.0, 0.0]","[0.55, 0.55, 0.55]",
DTLZ1,3,5,r2,finite R2-EMOA,8,3914348,3914365,10000,50,50,0.03536386165763366,0.1296760282625008,0.1947654427912474,"[0.0, 0.0, 0.0]","[0.55, 0.55, 0.55]",120
DTLZ1,3,5,sms,SMS-EMOA,8,3914348,3914365,10000,50,50,0.03364724337720439,0.1376424488086441,0.031323282669243384,"[0.0, 0.0, 0.0]","[0.55, 0.55, 0.55]",
DTLZ1,3,5,ir2,IR2-EMOA,9,3915357,3915374,10000,50,50,0.03340827990246498,0.1328956416522622,0.029417980955171126,"[0.0, 0.0, 0.0]","[0.55, 0.55, 0.55]",
DTLZ1,3,5,r2,finite R2-EMOA,9,3915357,3915374,10000,50,50,0.03450710051701512,0.1289501764091759,0.08670833318081642,"[0.0, 0.0, 0.0]","[0.55, 0.55, 0.55]",120
DTLZ1,3,5,sms,SMS-EMOA,9,3915357,3915374,10000,50,50,0.03365489858197264,0.13762346748861315,0.03085227881661694,"[0.0, 0.0, 0.0]","[0.55, 0.55, 0.55]",
DTLZ2,3,5,ir2,IR2-EMOA,0,3914195,3914212,10000,50,50,0.09489394350240406,0.726377814009065,0.0906542106850843,"[0.0, 0.0, 0.0]","[1.0999862655371107, 1.0999862655371107, 1.0999862655371107]",
DTLZ2,3,5,r2,finite R2-EMOA,0,3914195,3914212,10000,50,50,0.095455881201779,0.6909312750346812,0.08496377252214211,"[0.0, 0.0, 0.0]","[1.0999862655371107, 1.0999862655371107, 1.0999862655371107]",120
DTLZ2,3,5,sms,SMS-EMOA,0,3914195,3914212,10000,50,50,0.09496907223307664,0.7351750918653748,0.11795043745808285,"[0.0, 0.0, 0.0]","[1.0999862655371107, 1.0999862655371107, 1.0999862655371107]",
DTLZ2,3,5,ir2,IR2-EMOA,1,3915204,3915221,10000,50,50,0.09488468942419881,0.7255065980336082,0.08872554963117155,"[0.0, 0.0, 0.0]","[1.0999862655371107, 1.0999862655371107, 1.0999862655371107]",
DTLZ2,3,5,r2,finite R2-EMOA,1,3915204,3915221,10000,50,50,0.09540240338919252,0.691803491309279,0.08561065154732438,"[0.0, 0.0, 0.0]","[1.0999862655371107, 1.0999862655371107, 1.0999862655371107]",120
DTLZ2,3,5,sms,SMS-EMOA,1,3915204,3915221,10000,50,50,0.09495095751478223,0.7353238766111508,0.11747003483619786,"[0.0, 0.0, 0.0]","[1.0999862655371107, 1.0999862655371107, 1.0999862655371107]",
DTLZ2,3,5,ir2,IR2-EMOA,2,3916213,3916230,10000,50,50,0.09489481153388084,0.7262929510449208,0.09116743700901934,"[0.0, 0.0, 0.0]","[1.0999862655371107, 1.0999862655371107, 1.0999862655371107]",
DTLZ2,3,5,r2,finite R2-EMOA,2,3916213,3916230,10000,50,50,0.09540981198333083,0.6937073096941206,0.08437860518958956,"[0.0, 0.0, 0.0]","[1.0999862655371107, 1.0999862655371107, 1.0999862655371107]",120
DTLZ2,3,5,sms,SMS-EMOA,2,3916213,3916230,10000,50,50,0.09498093621670994,0.7352515245739357,0.12017069040552991,"[0.0, 0.0, 0.0]","[1.0999862655371107, 1.0999862655371107, 1.0999862655371107]",
DTLZ2,3,5,ir2,IR2-EMOA,3,3917222,3917239,10000,50,50,0.09488266438558975,0.7270230377011455,0.09131011246085775,"[0.0, 0.0, 0.0]","[1.0999862655371107, 1.0999862655371107, 1.0999862655371107]",
DTLZ2,3,5,r2,finite R2-EMOA,3,3917222,3917239,10000,50,50,0.09537746147980218,0.6924815484289236,0.08513709013176929,"[0.0, 0.0, 0.0]","[1.0999862655371107, 1.0999862655371107, 1.0999862655371107]",120
DTLZ2,3,5,sms,SMS-EMOA,3,3917222,3917239,10000,50,50,0.09494387044972913,0.7354312949255313,0.11662663883452055,"[0.0, 0.0, 0.0]","[1.0999862655371107, 1.0999862655371107, 1.0999862655371107]",
DTLZ2,3,5,ir2,IR2-EMOA,4,3918231,3918248,10000,50,50,0.09488879576183619,0.7250438246326222,0.08982219899543126,"[0.0, 0.0, 0.0]","[1.0999862655371107, 1.0999862655371107, 1.0999862655371107]",
DTLZ2,3,5,r2,finite R2-EMOA,4,3918231,3918248,10000,50,50,0.09539300906381505,0.6913363348959963,0.08340503612672939,"[0.0, 0.0, 0.0]","[1.0999862655371107, 1.0999862655371107, 1.0999862655371107]",120
DTLZ2,3,5,sms,SMS-EMOA,4,3918231,3918248,10000,50,50,0.09495563170013063,0.7352713972688951,0.11632923099128685,"[0.0, 0.0, 0.0]","[1.0999862655371107, 1.0999862655371107, 1.0999862655371107]",
DTLZ2,3,5,ir2,IR2-EMOA,5,3919240,3919257,10000,50,50,0.0948976794249661,0.7252637268512684,0.089745385722129,"[0.0, 0.0, 0.0]","[1.0999862655371107, 1.0999862655371107, 1.0999862655371107]",
DTLZ2,3,5,r2,finite R2-EMOA,5,3919240,3919257,10000,50,50,0.09546375872706016,0.6880618647745,0.08589508946322014,"[0.0, 0.0, 0.0]","[1.0999862655371107, 1.0999862655371107, 1.0999862655371107]",120
DTLZ2,3,5,sms,SMS-EMOA,5,3919240,3919257,10000,50,50,0.09493220952212474,0.735319786962849,0.1147678449539857,"[0.0, 0.0, 0.0]","[1.0999862655371107, 1.0999862655371107, 1.0999862655371107]",
DTLZ2,3,5,ir2,IR2-EMOA,6,3920249,3920266,10000,50,50,0.09487888690831886,0.7259858458485723,0.090329176105918,"[0.0, 0.0, 0.0]","[1.0999862655371107, 1.0999862655371107, 1.0999862655371107]",
DTLZ2,3,5,r2,finite R2-EMOA,6,3920249,3920266,10000,50,50,0.09539477123369487,0.693565047875579,0.08337501837713053,"[0.0, 0.0, 0.0]","[1.0999862655371107, 1.0999862655371107, 1.0999862655371107]",120
DTLZ2,3,5,sms,SMS-EMOA,6,3920249,3920266,10000,50,50,0.09493057008786034,0.7353803914640482,0.11484662454737399,"[0.0, 0.0, 0.0]","[1.0999862655371107, 1.0999862655371107, 1.0999862655371107]",
DTLZ2,3,5,ir2,IR2-EMOA,7,3921258,3921275,10000,50,50,0.09488309846232568,0.7261841630482456,0.08886787433365285,"[0.0, 0.0, 0.0]","[1.0999862655371107, 1.0999862655371107, 1.0999862655371107]",
DTLZ2,3,5,r2,finite R2-EMOA,7,3921258,3921275,10000,50,50,0.09532970801371306,0.6950426731883842,0.08337297885821543,"[0.0, 0.0, 0.0]","[1.0999862655371107, 1.0999862655371107, 1.0999862655371107]",120
DTLZ2,3,5,sms,SMS-EMOA,7,3921258,3921275,10000,50,50,0.09493934708598627,0.7352832714723079,0.11528027485902148,"[0.0, 0.0, 0.0]","[1.0999862655371107, 1.0999862655371107, 1.0999862655371107]",
DTLZ2,3,5,ir2,IR2-EMOA,8,3922267,3922284,10000,50,50,0.09489230985395483,0.7265582959002161,0.09239160759580488,"[0.0, 0.0, 0.0]","[1.0999862655371107, 1.0999862655371107, 1.0999862655371107]",
DTLZ2,3,5,r2,finite R2-EMOA,8,3922267,3922284,10000,50,50,0.09532422219566444,0.690904557908083,0.0818121072616105,"[0.0, 0.0, 0.0]","[1.0999862655371107, 1.0999862655371107, 1.0999862655371107]",120
DTLZ2,3,5,sms,SMS-EMOA,8,3922267,3922284,10000,50,50,0.0949524894675424,0.7355039802921305,0.1178761541659523,"[0.0, 0.0, 0.0]","[1.0999862655371107, 1.0999862655371107, 1.0999862655371107]",
DTLZ2,3,5,ir2,IR2-EMOA,9,3923276,3923293,10000,50,50,0.09489705444878409,0.725420687974962,0.08772953548389696,"[0.0, 0.0, 0.0]","[1.0999862655371107, 1.0999862655371107, 1.0999862655371107]",
DTLZ2,3,5,r2,finite R2-EMOA,9,3923276,3923293,10000,50,50,0.09536121970719232,0.6922872975999292,0.08329331318583438,"[0.0, 0.0, 0.0]","[1.0999862655371107, 1.0999862655371107, 1.0999862655371107]",120
DTLZ2,3,5,sms,SMS-EMOA,9,3923276,3923293,10000,50,50,0.09497183089666313,0.7350961336466477,0.11941207511998399,"[0.0, 0.0, 0.0]","[1.0999862655371107, 1.0999862655371107, 1.0999862655371107]",
DTLZ7,3,5,ir2,IR2-EMOA,0,3953790,3953807,10000,50,50,0.8448043974266978,0.9540585487749671,1.0781525811117905,"[0.0, 0.0, 2.614008731003155]","[0.9453409423091964, 0.9453409423091964, 6.338599126899685]",
DTLZ7,3,5,r2,finite R2-EMOA,0,3953790,3953807,10000,50,50,0.8449635717991864,0.9355242084396961,1.0775133509171584,"[0.0, 0.0, 2.614008731003155]","[0.9453409423091964, 0.9453409423091964, 6.338599126899685]",120
DTLZ7,3,5,sms,SMS-EMOA,0,3953790,3953807,10000,50,50,0.8697528757516072,0.9087604780727008,1.1436615123028375,"[0.0, 0.0, 2.614008731003155]","[0.9453409423091964, 0.9453409423091964, 6.338599126899685]",
DTLZ7,3,5,ir2,IR2-EMOA,1,3954799,3954816,10000,50,50,0.22783145808670638,1.3150724743149238,0.19072691662752733,"[0.0, 0.0, 2.614008731003155]","[0.9453409423091964, 0.9453409423091964, 6.338599126899685]",
DTLZ7,3,5,r2,finite R2-EMOA,1,3954799,3954816,10000,50,50,0.22936705878252758,1.1344945195878668,0.24416598592122518,"[0.0, 0.0, 2.614008731003155]","[0.9453409423091964, 0.9453409423091964, 6.338599126899685]",120
DTLZ7,3,5,sms,SMS-EMOA,1,3954799,3954816,10000,50,50,0.23321668522295444,1.4095816295226415,0.12901627212240943,"[0.0, 0.0, 2.614008731003155]","[0.9453409423091964, 0.9453409423091964, 6.338599126899685]",
DTLZ7,3,5,ir2,IR2-EMOA,2,3955808,3955825,10000,50,50,0.45842719129408843,1.1729605373035725,0.5208559753306612,"[0.0, 0.0, 2.614008731003155]","[0.9453409423091964, 0.9453409423091964, 6.338599126899685]",
DTLZ7,3,5,r2,finite R2-EMOA,2,3955808,3955825,10000,50,50,0.459128278719608,1.1099652721380033,0.5208735431038868,"[0.0, 0.0, 2.614008731003155]","[0.9453409423091964, 0.9453409423091964, 6.338599126899685]",120
DTLZ7,3,5,sms,SMS-EMOA,2,3955808,3955825,10000,50,50,0.23293383265312084,1.4102123834612692,0.13127526752227248,"[0.0, 0.0, 2.614008731003155]","[0.9453409423091964, 0.9453409423091964, 6.338599126899685]",
DTLZ7,3,5,ir2,IR2-EMOA,3,3956817,3956834,10000,50,50,0.4584233647109671,1.1730697708810136,0.5207665726230866,"[0.0, 0.0, 2.614008731003155]","[0.9453409423091964, 0.9453409423091964, 6.338599126899685]",
DTLZ7,3,5,r2,finite R2-EMOA,3,3956817,3956834,10000,50,50,0.22939217141604648,1.1353606828801037,0.2438859334218065,"[0.0, 0.0, 2.614008731003155]","[0.9453409423091964, 0.9453409423091964, 6.338599126899685]",120
DTLZ7,3,5,sms,SMS-EMOA,3,3956817,3956834,10000,50,50,0.23362080902715499,1.409683902242472,0.1325515822331086,"[0.0, 0.0, 2.614008731003155]","[0.9453409423091964, 0.9453409423091964, 6.338599126899685]",
DTLZ7,3,5,ir2,IR2-EMOA,4,3957826,3957843,10000,50,50,0.22783044225312066,1.3142702808555953,0.19273239026624783,"[0.0, 0.0, 2.614008731003155]","[0.9453409423091964, 0.9453409423091964, 6.338599126899685]",
DTLZ7,3,5,r2,finite R2-EMOA,4,3957826,3957843,10000,50,50,0.2295861637080776,1.084377032218584,0.25957393047903454,"[0.0, 0.0, 2.614008731003155]","[0.9453409423091964, 0.9453409423091964, 6.338599126899685]",120
DTLZ7,3,5,sms,SMS-EMOA,4,3957826,3957843,10000,50,50,0.2330703042509977,1.4096249505552065,0.12437806176083423,"[0.0, 0.0, 2.614008731003155]","[0.9453409423091964, 0.9453409423091964, 6.338599126899685]",
DTLZ7,3,5,ir2,IR2-EMOA,5,3958835,3958852,10000,50,50,0.45842052793468163,1.1726083497590234,0.5206089393401481,"[0.0, 0.0, 2.614008731003155]","[0.9453409423091964, 0.9453409423091964, 6.338599126899685]",
DTLZ7,3,5,r2,finite R2-EMOA,5,3958835,3958852,10000,50,50,0.229397669643518,1.128269211213745,0.246158465585876,"[0.0, 0.0, 2.614008731003155]","[0.9453409423091964, 0.9453409423091964, 6.338599126899685]",120
DTLZ7,3,5,sms,SMS-EMOA,5,3958835,3958852,10000,50,50,0.2332281694523808,1.4097497109812447,0.12993675001705074,"[0.0, 0.0, 2.614008731003155]","[0.9453409423091964, 0.9453409423091964, 6.338599126899685]",
DTLZ7,3,5,ir2,IR2-EMOA,6,3959844,3959861,10000,50,50,0.45842166410417795,1.1730259099237745,0.520520767692746,"[0.0, 0.0, 2.614008731003155]","[0.9453409423091964, 0.9453409423091964, 6.338599126899685]",
DTLZ7,3,5,r2,finite R2-EMOA,6,3959844,3959861,10000,50,50,0.2293586044967869,1.1300085377833564,0.24633236079437643,"[0.0, 0.0, 2.614008731003155]","[0.9453409423091964, 0.9453409423091964, 6.338599126899685]",120
DTLZ7,3,5,sms,SMS-EMOA,6,3959844,3959861,10000,50,50,0.23307103835681475,1.4097687749023389,0.1319215991919764,"[0.0, 0.0, 2.614008731003155]","[0.9453409423091964, 0.9453409423091964, 6.338599126899685]",
DTLZ7,3,5,ir2,IR2-EMOA,7,3960853,3960870,10000,50,50,0.4584268750734095,1.1720752943556445,0.5208518358096601,"[0.0, 0.0, 2.614008731003155]","[0.9453409423091964, 0.9453409423091964, 6.338599126899685]",
DTLZ7,3,5,r2,finite R2-EMOA,7,3960853,3960870,10000,50,50,0.22940799724609637,1.1273438629180985,0.2470226852735277,"[0.0, 0.0, 2.614008731003155]","[0.9453409423091964, 0.9453409423091964, 6.338599126899685]",120
DTLZ7,3,5,sms,SMS-EMOA,7,3960853,3960870,10000,50,50,0.8697995096401647,0.9092580575750251,1.1477409774154923,"[0.0, 0.0, 2.614008731003155]","[0.9453409423091964, 0.9453409423091964, 6.338599126899685]",
DTLZ7,3,5,ir2,IR2-EMOA,8,3961862,3961879,10000,50,50,0.22785539778577624,1.3088577580628256,0.1977243094392933,"[0.0, 0.0, 2.614008731003155]","[0.9453409423091964, 0.9453409423091964, 6.338599126899685]",
DTLZ7,3,5,r2,finite R2-EMOA,8,3961862,3961879,10000,50,50,0.22936979471707197,1.1365865112578162,0.24317535449057137,"[0.0, 0.0, 2.614008731003155]","[0.9453409423091964, 0.9453409423091964, 6.338599126899685]",120
DTLZ7,3,5,sms,SMS-EMOA,8,3961862,3961879,10000,50,50,0.23348573308981477,1.4095137072195325,0.12648384842930235,"[0.0, 0.0, 2.614008731003155]","[0.9453409423091964, 0.9453409423091964, 6.338599126899685]",
DTLZ7,3,5,ir2,IR2-EMOA,9,3962871,3962888,10000,50,50,0.4584217799080165,1.1686499794744942,0.520828224982987,"[0.0, 0.0, 2.614008731003155]","[0.9453409423091964, 0.9453409423091964, 6.338599126899685]",
DTLZ7,3,5,r2,finite R2-EMOA,9,3962871,3962888,10000,50,50,0.22931351710959202,1.1434199873119395,0.24266827645745623,"[0.0, 0.0, 2.614008731003155]","[0.9453409423091964, 0.9453409423091964, 6.338599126899685]",120
DTLZ7,3,5,sms,SMS-EMOA,9,3962871,3962888,10000,50,50,0.2332781473816894,1.409726316314652,0.1322758270901051,"[0.0, 0.0, 2.614008731003155]","[0.9453409423091964, 0.9453409423091964, 6.338599126899685]",
ZDT1,2,5,ir2,IR2-EMOA,0,3304432,3304449,10000,50,50,0.13333982446524753,0.8656988565382554,0.01126281556158226,"[0.0, 0.0]","[1.1, 1.1]",
ZDT1,2,5,r2,finite R2-EMOA,0,3304432,3304449,10000,50,50,0.1333844269731887,0.8652368976428128,0.01165292596852518,"[0.0, 0.0]","[1.1, 1.1]",101
ZDT1,2,5,sms,SMS-EMOA,0,3304432,3304449,10000,50,50,0.13355203561903461,0.8674524946768345,0.008532348137113734,"[0.0, 0.0]","[1.1, 1.1]",
ZDT1,2,5,ir2,IR2-EMOA,1,3305441,3305458,10000,50,50,0.13334422234886523,0.8660566281241601,0.010739446982967814,"[0.0, 0.0]","[1.1, 1.1]",
ZDT1,2,5,r2,finite R2-EMOA,1,3305441,3305458,10000,50,50,0.1334184153029173,0.8645596385557289,0.01357177600176584,"[0.0, 0.0]","[1.1, 1.1]",101
ZDT1,2,5,sms,SMS-EMOA,1,3305441,3305458,10000,50,50,0.13355355587227716,0.8674142265729636,0.008486139305484855,"[0.0, 0.0]","[1.1, 1.1]",
ZDT1,2,5,ir2,IR2-EMOA,2,3306450,3306467,10000,50,50,0.1333363471917381,0.8658246749607615,0.010968942882329068,"[0.0, 0.0]","[1.1, 1.1]",
ZDT1,2,5,r2,finite R2-EMOA,2,3306450,3306467,10000,50,50,0.1333914755073357,0.8649472050540293,0.012416431892676778,"[0.0, 0.0]","[1.1, 1.1]",101
ZDT1,2,5,sms,SMS-EMOA,2,3306450,3306467,10000,50,50,0.13349317546759165,0.8674275913084599,0.008355070347073444,"[0.0, 0.0]","[1.1, 1.1]",
ZDT1,2,5,ir2,IR2-EMOA,3,3307459,3307476,10000,50,50,0.1333433575676815,0.8656460637654163,0.011423461249343594,"[0.0, 0.0]","[1.1, 1.1]",
ZDT1,2,5,r2,finite R2-EMOA,3,3307459,3307476,10000,50,50,0.1333926519882401,0.8651183833464058,0.012328762707658118,"[0.0, 0.0]","[1.1, 1.1]",101
ZDT1,2,5,sms,SMS-EMOA,3,3307459,3307476,10000,50,50,0.1335712231565125,0.8674076519927149,0.008453759486432136,"[0.0, 0.0]","[1.1, 1.1]",
ZDT1,2,5,ir2,IR2-EMOA,4,3308468,3308485,10000,50,50,0.1333414524392807,0.866167394555175,0.010350507745050811,"[0.0, 0.0]","[1.1, 1.1]",
ZDT1,2,5,r2,finite R2-EMOA,4,3308468,3308485,10000,50,50,0.13340700689807838,0.8644591379646789,0.01295322592401239,"[0.0, 0.0]","[1.1, 1.1]",101
ZDT1,2,5,sms,SMS-EMOA,4,3308468,3308485,10000,50,50,0.13351894292451094,0.867452516712608,0.008510207882694984,"[0.0, 0.0]","[1.1, 1.1]",
ZDT1,2,5,ir2,IR2-EMOA,5,3309477,3309494,10000,50,50,0.13334380511670452,0.8655358999247175,0.011693146496581572,"[0.0, 0.0]","[1.1, 1.1]",
ZDT1,2,5,r2,finite R2-EMOA,5,3309477,3309494,10000,50,50,0.1334001867172847,0.8654071492520675,0.01148101394921546,"[0.0, 0.0]","[1.1, 1.1]",101
ZDT1,2,5,sms,SMS-EMOA,5,3309477,3309494,10000,50,50,0.13350765196639566,0.8674614004227889,0.008522437286956383,"[0.0, 0.0]","[1.1, 1.1]",
ZDT1,2,5,ir2,IR2-EMOA,6,3310486,3310503,10000,50,50,0.13334834876329107,0.8654780060465121,0.011868162126321904,"[0.0, 0.0]","[1.1, 1.1]",
ZDT1,2,5,r2,finite R2-EMOA,6,3310486,3310503,10000,50,50,0.13339626611208286,0.8650370199571457,0.012337474852124379,"[0.0, 0.0]","[1.1, 1.1]",101
ZDT1,2,5,sms,SMS-EMOA,6,3310486,3310503,10000,50,50,0.1335010637104075,0.8674175217675205,0.00865831286298822,"[0.0, 0.0]","[1.1, 1.1]",
ZDT1,2,5,ir2,IR2-EMOA,7,3311495,3311512,10000,50,50,0.13333387777038724,0.8657669803461326,0.010760161697314393,"[0.0, 0.0]","[1.1, 1.1]",
ZDT1,2,5,r2,finite R2-EMOA,7,3311495,3311512,10000,50,50,0.13341616788622185,0.8650290490521028,0.012421254311611871,"[0.0, 0.0]","[1.1, 1.1]",101
ZDT1,2,5,sms,SMS-EMOA,7,3311495,3311512,10000,50,50,0.13352262399021653,0.8674107314763703,0.008601203905920281,"[0.0, 0.0]","[1.1, 1.1]",
ZDT1,2,5,ir2,IR2-EMOA,8,3312504,3312521,10000,50,50,0.13334229672612863,0.8652819515538391,0.011885030357399476,"[0.0, 0.0]","[1.1, 1.1]",
ZDT1,2,5,r2,finite R2-EMOA,8,3312504,3312521,10000,50,50,0.13342643158298073,0.8649283045205469,0.012476194869009463,"[0.0, 0.0]","[1.1, 1.1]",101
ZDT1,2,5,sms,SMS-EMOA,8,3312504,3312521,10000,50,50,0.1335147975761934,0.8674554934127738,0.00852693714104345,"[0.0, 0.0]","[1.1, 1.1]",
ZDT1,2,5,ir2,IR2-EMOA,9,3313513,3313530,10000,50,50,0.1333383801266977,0.8658543661606178,0.01096505827036291,"[0.0, 0.0]","[1.1, 1.1]",
ZDT1,2,5,r2,finite R2-EMOA,9,3313513,3313530,10000,50,50,0.13338812041397644,0.8654136881604116,0.011800471499843892,"[0.0, 0.0]","[1.1, 1.1]",101
ZDT1,2,5,sms,SMS-EMOA,9,3313513,3313530,10000,50,50,0.13351140921974702,0.8674488706045466,0.008437345028352517,"[0.0, 0.0]","[1.1, 1.1]",
ZDT2,2,5,ir2,IR2-EMOA,0,3312351,3312368,10000,50,50,0.19880179079939353,0.5340250600065306,0.014617806928304049,"[0.0, 0.0]","[1.1, 1.1]",
ZDT2,2,5,r2,finite R2-EMOA,0,3312351,3312368,10000,50,50,0.19888782736202898,0.533314863862597,0.01690317997120371,"[0.0, 0.0]","[1.1, 1.1]",101
ZDT2,2,5,sms,SMS-EMOA,0,3312351,3312368,10000,50,50,0.19882085311442127,0.5342542662687647,0.010949542748658187,"[0.0, 0.0]","[1.1, 1.1]",
ZDT2,2,5,ir2,IR2-EMOA,1,3313360,3313377,10000,50,50,0.19880784592325568,0.5335796805418005,0.014381975489652185,"[0.0, 0.0]","[1.1, 1.1]",
ZDT2,2,5,r2,finite R2-EMOA,1,3313360,3313377,10000,50,50,0.19887965840462557,0.5333870567897471,0.01533429419124888,"[0.0, 0.0]","[1.1, 1.1]",101
ZDT2,2,5,sms,SMS-EMOA,1,3313360,3313377,10000,50,50,0.1988183190538231,0.5342944840057139,0.010863165655709089,"[0.0, 0.0]","[1.1, 1.1]",
ZDT2,2,5,ir2,IR2-EMOA,2,3314369,3314386,10000,50,50,0.19879957258364797,0.5339355980842718,0.012925093690022352,"[0.0, 0.0]","[1.1, 1.1]",
ZDT2,2,5,r2,finite R2-EMOA,2,3314369,3314386,10000,50,50,0.1988957297477826,0.5329367039369166,0.015734900610515704,"[0.0, 0.0]","[1.1, 1.1]",101
ZDT2,2,5,sms,SMS-EMOA,2,3314369,3314386,10000,50,50,0.1988045893076811,0.5342824271879041,0.01190785866019608,"[0.0, 0.0]","[1.1, 1.1]",
ZDT2,2,5,ir2,IR2-EMOA,3,3315378,3315395,10000,50,50,0.19880528949785528,0.533704829444296,0.013370869236482813,"[0.0, 0.0]","[1.1, 1.1]",
ZDT2,2,5,r2,finite R2-EMOA,3,3315378,3315395,10000,50,50,0.19889338191363254,0.5329702291639266,0.014331736963238194,"[0.0, 0.0]","[1.1, 1.1]",101
ZDT2,2,5,sms,SMS-EMOA,3,3315378,3315395,10000,50,50,0.19882329515477482,0.5342886004214024,0.011009654137244569,"[0.0, 0.0]","[1.1, 1.1]",
ZDT2,2,5,ir2,IR2-EMOA,4,3316387,3316404,10000,50,50,0.19879972335832333,0.5337850894717437,0.014774930129635327,"[0.0, 0.0]","[1.1, 1.1]",
ZDT2,2,5,r2,finite R2-EMOA,4,3316387,3316404,10000,50,50,0.1988976517290721,0.5330046147133151,0.01608206913011909,"[0.0, 0.0]","[1.1, 1.1]",101
ZDT2,2,5,sms,SMS-EMOA,4,3316387,3316404,10000,50,50,0.19883774617483577,0.5343608567892524,0.011450440641065297,"[0.0, 0.0]","[1.1, 1.1]",
ZDT2,2,5,ir2,IR2-EMOA,5,3317396,3317413,10000,50,50,0.1988006828803353,0.5336743645441788,0.01486350280986435,"[0.0, 0.0]","[1.1, 1.1]",
ZDT2,2,5,r2,finite R2-EMOA,5,3317396,3317413,10000,50,50,0.19887764897790206,0.5331736977642327,0.015577057681693917,"[0.0, 0.0]","[1.1, 1.1]",101
ZDT2,2,5,sms,SMS-EMOA,5,3317396,3317413,10000,50,50,0.19882297083037426,0.5343111474749399,0.01066745362538349,"[0.0, 0.0]","[1.1, 1.1]",
ZDT2,2,5,ir2,IR2-EMOA,6,3318405,3318422,10000,50,50,0.19880048729221,0.5337830276048996,0.01451831460880001,"[0.0, 0.0]","[1.1, 1.1]",
ZDT2,2,5,r2,finite R2-EMOA,6,3318405,3318422,10000,50,50,0.1988825265134546,0.533211365870485,0.014232847828228815,"[0.0, 0.0]","[1.1, 1.1]",101
ZDT2,2,5,sms,SMS-EMOA,6,3318405,3318422,10000,50,50,0.1988168920520762,0.5343193167185957,0.011144776542132638,"[0.0, 0.0]","[1.1, 1.1]",
ZDT2,2,5,ir2,IR2-EMOA,7,3319414,3319431,10000,50,50,0.19879891296410424,0.5338199322030309,0.014090774420052308,"[0.0, 0.0]","[1.1, 1.1]",
ZDT2,2,5,r2,finite R2-EMOA,7,3319414,3319431,10000,50,50,0.19889615128583443,0.5328404129072115,0.01725803460260448,"[0.0, 0.0]","[1.1, 1.1]",101
ZDT2,2,5,sms,SMS-EMOA,7,3319414,3319431,10000,50,50,0.19881302422734554,0.5343375374026613,0.011080517152509914,"[0.0, 0.0]","[1.1, 1.1]",
ZDT2,2,5,ir2,IR2-EMOA,8,3320423,3320440,10000,50,50,0.19879505135758632,0.5339062452661054,0.014881136429697761,"[0.0, 0.0]","[1.1, 1.1]",
ZDT2,2,5,r2,finite R2-EMOA,8,3320423,3320440,10000,50,50,0.19889252306054045,0.5331655261275106,0.014302823203609847,"[0.0, 0.0]","[1.1, 1.1]",101
ZDT2,2,5,sms,SMS-EMOA,8,3320423,3320440,10000,50,50,0.19881253989630546,0.5342906266466143,0.011183439486501467,"[0.0, 0.0]","[1.1, 1.1]",
ZDT2,2,5,ir2,IR2-EMOA,9,3321432,3321449,10000,50,50,0.19880050932093335,0.5338365018379512,0.014496797739509015,"[0.0, 0.0]","[1.1, 1.1]",
ZDT2,2,5,r2,finite R2-EMOA,9,3321432,3321449,10000,50,50,0.19892114331902175,0.5324957644544644,0.017666054452277,"[0.0, 0.0]","[1.1, 1.1]",101
ZDT2,2,5,sms,SMS-EMOA,9,3321432,3321449,10000,50,50,0.19882528520686946,0.5342984005494034,0.011267752604118338,"[0.0, 0.0]","[1.1, 1.1]",
ZDT3,2,5,ir2,IR2-EMOA,0,3320270,3320287,10000,50,50,0.19601639665169782,1.0932424062759527,0.013766523085947642,"[0.0, -0.7733690123266405]","[0.9370090312181477, 1.177336901232664]",
ZDT3,2,5,r2,finite R2-EMOA,0,3320270,3320287,10000,50,50,0.19605479229842065,1.0924084056189691,0.016474938610620323,"[0.0, -0.7733690123266405]","[0.9370090312181477, 1.177336901232664]",101
ZDT3,2,5,sms,SMS-EMOA,0,3320270,3320287,10000,50,50,0.19608757440557514,1.0943750950608948,0.011806002342090503,"[0.0, -0.7733690123266405]","[0.9370090312181477, 1.177336901232664]",
ZDT3,2,5,ir2,IR2-EMOA,1,3321279,3321296,10000,50,50,0.19602552626955191,1.092698634594144,0.015549218224124757,"[0.0, -0.7733690123266405]","[0.9370090312181477, 1.177336901232664]",
ZDT3,2,5,r2,finite R2-EMOA,1,3321279,3321296,10000,50,50,0.19605463699502923,1.0924057200993693,0.016469042678230617,"[0.0, -0.7733690123266405]","[0.9370090312181477, 1.177336901232664]",101
ZDT3,2,5,sms,SMS-EMOA,1,3321279,3321296,10000,50,50,0.1960864422426323,1.0943675230927066,0.012176469559722973,"[0.0, -0.7733690123266405]","[0.9370090312181477, 1.177336901232664]",
ZDT3,2,5,ir2,IR2-EMOA,2,3322288,3322305,10000,50,50,0.19601355038143195,1.0929025302246718,0.014963613329428948,"[0.0, -0.7733690123266405]","[0.9370090312181477, 1.177336901232664]",
ZDT3,2,5,r2,finite R2-EMOA,2,3322288,3322305,10000,50,50,0.19605488191639142,1.092396462773609,0.01645538207935694,"[0.0, -0.7733690123266405]","[0.9370090312181477, 1.177336901232664]",101
ZDT3,2,5,sms,SMS-EMOA,2,3322288,3322305,10000,50,50,0.196101570933093,1.094366584765049,0.012320177367093205,"[0.0, -0.7733690123266405]","[0.9370090312181477, 1.177336901232664]",
ZDT3,2,5,ir2,IR2-EMOA,3,3323297,3323314,10000,50,50,0.1960192003693324,1.0927206788700476,0.01572459294636903,"[0.0, -0.7733690123266405]","[0.9370090312181477, 1.177336901232664]",
ZDT3,2,5,r2,finite R2-EMOA,3,3323297,3323314,10000,50,50,0.19606753684309894,1.0895681372651231,0.05559175003511042,"[0.0, -0.7733690123266405]","[0.9370090312181477, 1.177336901232664]",101
ZDT3,2,5,sms,SMS-EMOA,3,3323297,3323314,10000,50,50,0.19608385288294716,1.0943894818441962,0.011765602497658378,"[0.0, -0.7733690123266405]","[0.9370090312181477, 1.177336901232664]",
ZDT3,2,5,ir2,IR2-EMOA,4,3324306,3324323,10000,50,50,0.19601503231988154,1.0928021009440319,0.014967317201989601,"[0.0, -0.7733690123266405]","[0.9370090312181477, 1.177336901232664]",
ZDT3,2,5,r2,finite R2-EMOA,4,3324306,3324323,10000,50,50,0.19606227992416553,1.0918134429808815,0.01826219695580781,"[0.0, -0.7733690123266405]","[0.9370090312181477, 1.177336901232664]",101
ZDT3,2,5,sms,SMS-EMOA,4,3324306,3324323,10000,50,50,0.19612854858940862,1.094333646532295,0.012773198469907964,"[0.0, -0.7733690123266405]","[0.9370090312181477, 1.177336901232664]",
ZDT3,2,5,ir2,IR2-EMOA,5,3325315,3325332,10000,50,50,0.19601627935935148,1.092882832484367,0.015007800251791367,"[0.0, -0.7733690123266405]","[0.9370090312181477, 1.177336901232664]",
ZDT3,2,5,r2,finite R2-EMOA,5,3325315,3325332,10000,50,50,0.19605541264128767,1.0919876063056777,0.017652377608819596,"[0.0, -0.7733690123266405]","[0.9370090312181477, 1.177336901232664]",101
ZDT3,2,5,sms,SMS-EMOA,5,3325315,3325332,10000,50,50,0.19611773034657595,1.0943598896950926,0.012322070853625022,"[0.0, -0.7733690123266405]","[0.9370090312181477, 1.177336901232664]",
ZDT3,2,5,ir2,IR2-EMOA,6,3326324,3326341,10000,50,50,0.23923769516990515,1.0616786344467941,0.09686333470053636,"[0.0, -0.7733690123266405]","[0.9370090312181477, 1.177336901232664]",
ZDT3,2,5,r2,finite R2-EMOA,6,3326324,3326341,10000,50,50,0.2392911216504625,1.0605677580427597,0.0973606435194595,"[0.0, -0.7733690123266405]","[0.9370090312181477, 1.177336901232664]",101
ZDT3,2,5,sms,SMS-EMOA,6,3326324,3326341,10000,50,50,0.19611942028762555,1.0943639124641888,0.012334620502231863,"[0.0, -0.7733690123266405]","[0.9370090312181477, 1.177336901232664]",
ZDT3,2,5,ir2,IR2-EMOA,7,3327333,3327350,10000,50,50,0.19601400483071385,1.0928457359446486,0.01529703608389771,"[0.0, -0.7733690123266405]","[0.9370090312181477, 1.177336901232664]",
ZDT3,2,5,r2,finite R2-EMOA,7,3327333,3327350,10000,50,50,0.1960556942570514,1.092393959315107,0.01662685928582636,"[0.0, -0.7733690123266405]","[0.9370090312181477, 1.177336901232664]",101
ZDT3,2,5,sms,SMS-EMOA,7,3327333,3327350,10000,50,50,0.19611365803983927,1.0943647809073351,0.012833609548314851,"[0.0, -0.7733690123266405]","[0.9370090312181477, 1.177336901232664]",
ZDT3,2,5,ir2,IR2-EMOA,8,3328342,3328359,10000,50,50,0.1960134164735838,1.0928683599415419,0.014755475930789186,"[0.0, -0.7733690123266405]","[0.9370090312181477, 1.177336901232664]",
ZDT3,2,5,r2,finite R2-EMOA,8,3328342,3328359,10000,50,50,0.19605547240530422,1.092451594138576,0.016419093989500425,"[0.0, -0.7733690123266405]","[0.9370090312181477, 1.177336901232664]",101
ZDT3,2,5,sms,SMS-EMOA,8,3328342,3328359,10000,50,50,0.19612547962650578,1.0943303716760922,0.01238305818633222,"[0.0, -0.7733690123266405]","[0.9370090312181477, 1.177336901232664]",
ZDT3,2,5,ir2,IR2-EMOA,9,3329351,3329368,10000,50,50,0.19601878204960718,1.0928934720112662,0.015089489245407862,"[0.0, -0.7733690123266405]","[0.9370090312181477, 1.177336901232664]",
ZDT3,2,5,r2,finite R2-EMOA,9,3329351,3329368,10000,50,50,0.1960587513102309,1.0924365579358324,0.016361655899696154,"[0.0, -0.7733690123266405]","[0.9370090312181477, 1.177336901232664]",101
ZDT3,2,5,sms,SMS-EMOA,9,3329351,3329368,10000,50,50,0.19607990315302443,1.0943680908192994,0.011504813270754352,"[0.0, -0.7733690123266405]","[0.9370090312181477, 1.177336901232664]",
